PC1,PC2,PC3,PC4,PC5,PC6
-1.427751547538732,0.06872207725029997,-0.10011199749838355,0.0208939061617021,0.03491078325118615,-0.04687805259817941
-1.427751547538732,0.06872207725029997,-0.10011199749838355,0.0208939061617021,0.03491078325118615,-0.04687805259817941
-1.460558139172848,0.015211672278780626,-0.08537816398419484,0.09491344852383454,0.013685472881593353,-0.04390918433271723
-1.3119245211932598,-0.46109635212982364,-0.056736437341080886,0.07292923350812683,0.022925928074973692,-0.057392411170779416
-1.279117929559144,-0.40758594715830443,-0.0714702708552696,-0.0010903088540055927,0.04415123844456649,-0.06036127943624159
-1.279117929559144,-0.40758594715830443,-0.0714702708552696,-0.0010903088540055927,0.04415123844456649,-0.06036127943624159
-1.2955212253762018,-0.43434114964406406,-0.06410335409817525,0.03591946232706063,0.033538583259770084,-0.058876845303510505
-1.2955212253762018,-0.43434114964406406,-0.06410335409817525,0.03591946232706063,0.033538583259770084,-0.058876845303510505
-1.2955212253762018,-0.43434114964406406,-0.06410335409817525,0.03591946232706063,0.033538583259770084,-0.058876845303510505
-1.3330092144085308,-0.6809615986137252,-0.33383809226991296,-0.07067314255113187,0.21256424505979696,0.21438370679035834
-1.2151348803994053,-0.42313469430051065,-0.10516912112708392,-0.014600899536826922,0.03062324680306299,-0.07614997836198995
-1.2151348803994053,-0.42313469430051065,-0.10516912112708392,-0.014600899536826922,0.03062324680306299,-0.07614997836198995
-1.2955212253762018,-0.43434114964406406,-0.06410335409817525,0.03591946232706063,0.033538583259770084,-0.058876845303510505
-1.4150256934938206,-0.8147376110425233,-0.29700350848444124,0.11437571335419916,0.15950096913581494,0.22180587745401378
-1.5907805500832453,-0.9159347943877377,0.06850114752952303,0.7020953435862528,-0.15748921006656527,-0.032157030914350904
-1.279117929559144,-0.40758594715830443,-0.0714702708552696,-0.0010903088540055927,0.04415123844456649,-0.06036127943624159
-1.279117929559144,-0.40758594715830443,-0.0714702708552696,-0.0010903088540055927,0.04415123844456649,-0.06036127943624159
-1.2955212253762018,-0.43434114964406406,-0.06410335409817525,0.03591946232706063,0.033538583259770084,-0.058876845303510505
-1.279117929559144,-0.40758594715830443,-0.0714702708552696,-0.0010903088540055927,0.04415123844456649,-0.06036127943624159
-1.279117929559144,-0.40758594715830443,-0.0714702708552696,-0.0010903088540055927,0.04415123844456649,-0.06036127943624159
-1.2690261652487922,-0.6965103457559314,-0.36753694254172725,-0.0841837332339532,0.19903625341829348,0.19859500786460998
-1.0871687820799285,-0.45423218858492315,-0.1725668216707125,-0.04162208090246964,0.003567263520055976,-0.10772737621348667
-1.279117929559144,-0.40758594715830443,-0.0714702708552696,-0.0010903088540055927,0.04415123844456649,-0.06036127943624159
-1.3611344086444337,-0.5413619595871025,-0.03463568706979786,0.18395854705132542,-0.008912037479415533,-0.052939108772586146
-1.4580789390163562,-0.7056326378697825,-0.32759565056866674,0.11874347854293271,-0.24997810228263254,-0.1213582384463578
-1.279117929559144,-0.40758594715830443,-0.0714702708552696,-0.0010903088540055927,0.04415123844456649,-0.06036127943624159
-1.279117929559144,-0.40758594715830443,-0.0714702708552696,-0.0010903088540055927,0.04415123844456649,-0.06036127943624159
-1.0871687820799285,-0.45423218858492315,-0.1725668216707125,-0.04162208090246964,0.003567263520055976,-0.10772737621348667
-1.279117929559144,-0.40758594715830443,-0.0714702708552696,-0.0010903088540055927,0.04415123844456649,-0.06036127943624159
-1.279117929559144,-0.40758594715830443,-0.0714702708552696,-0.0010903088540055927,0.04415123844456649,-0.06036127943624159
-1.0871687820799285,-0.45423218858492315,-0.1725668216707125,-0.04162208090246964,0.003567263520055976,-0.10772737621348667
-1.2151348803994053,-0.42313469430051065,-0.10516912112708392,-0.014600899536826922,0.03062324680306299,-0.07614997836198995
-1.370803508989175,-0.42445370826625295,-0.041255508406766485,-0.01440511060923536,0.037091351266306215,-0.0626720102617841
-1.370803508989175,-0.42445370826625295,-0.041255508406766485,-0.01440511060923536,0.037091351266306215,-0.0626720102617841
-1.370803508989175,-0.42445370826625295,-0.041255508406766485,-0.01440511060923536,0.037091351266306215,-0.0626720102617841
-1.370803508989175,-0.42445370826625295,-0.041255508406766485,-0.01440511060923536,0.037091351266306215,-0.0626720102617841
-1.424694793838562,-0.6978293597216737,-0.3036233298214098,-0.08398794430636164,0.2055043578815367,0.21207297596481584
-1.424694793838562,-0.6978293597216737,-0.3036233298214098,-0.08398794430636164,0.2055043578815367,0.21207297596481584
-1.370803508989175,-0.42445370826625295,-0.041255508406766485,-0.01440511060923536,0.037091351266306215,-0.0626720102617841
-1.370803508989175,-0.42445370826625295,-0.041255508406766485,-0.01440511060923536,0.037091351266306215,-0.0626720102617841
-1.370803508989175,-0.42445370826625295,-0.041255508406766485,-0.01440511060923536,0.037091351266306215,-0.0626720102617841
-1.370803508989175,-0.42445370826625295,-0.041255508406766485,-0.01440511060923536,0.037091351266306215,-0.0626720102617841
-1.370803508989175,-0.42445370826625295,-0.041255508406766485,-0.01440511060923536,0.037091351266306215,-0.0626720102617841
-1.370803508989175,-0.42445370826625295,-0.041255508406766485,-0.01440511060923536,0.037091351266306215,-0.0626720102617841
-1.370803508989175,-0.42445370826625295,-0.041255508406766485,-0.01440511060923536,0.037091351266306215,-0.0626720102617841
-1.3872068048062332,-0.4512089107520125,-0.033888591649672145,0.02260466057183083,0.026478696081509802,-0.06118757612905302
-1.420013396440349,-0.5047193157235319,-0.019154758135483462,0.09662420293396323,0.005253385711917002,-0.05821870786359084
-1.3872068048062332,-0.4512089107520125,-0.033888591649672145,0.02260466057183083,0.026478696081509802,-0.06118757612905302
-1.3872068048062332,-0.4512089107520125,-0.033888591649672145,0.02260466057183083,0.026478696081509802,-0.06118757612905302
-1.2428374106696982,-0.45555120255066545,-0.10865320895039511,-0.04142629197487808,0.010035367983299208,-0.09424940811328082
-1.420013396440349,-0.5047193157235319,-0.019154758135483462,0.09662420293396323,0.005253385711917002,-0.05821870786359084
-1.370803508989175,-0.42445370826625295,-0.041255508406766485,-0.01440511060923536,0.037091351266306215,-0.0626720102617841
-1.6824661295132768,-0.9328025554956864,0.09871590997802611,0.688780541831023,-0.16454909724482555,-0.03446776173989342
-1.44109808965562,-0.7245845622074333,-0.2962564130643155,-0.04697817312529544,0.19489170269674028,0.21355741009754692
-1.370803508989175,-0.42445370826625295,-0.041255508406766485,-0.01440511060923536,0.037091351266306215,-0.0626720102617841
-0.2191086241138818,-0.7043311568259657,-0.6478348132994239,-0.25759574290001963,-0.20641249828075703,-0.34686859092525457
-0.2191086241138818,-0.7043311568259657,-0.6478348132994239,-0.25759574290001963,-0.20641249828075703,-0.34686859092525457
-1.3872068048062332,-0.4512089107520125,-0.033888591649672145,0.02260466057183083,0.026478696081509802,-0.06118757612905302
-0.7645766451157463,1.2738922278371827,-0.04028876588249981,-0.18605332711854478,-0.1969939798916282,-0.15821947420068544
-1.3872068048062332,-0.4512089107520125,-0.033888591649672145,0.02260466057183083,0.026478696081509802,-0.06118757612905302
-1.370803508989175,-0.42445370826625295,-0.041255508406766485,-0.01440511060923536,0.037091351266306215,-0.0626720102617841
-1.370803508989175,-0.42445370826625295,-0.041255508406766485,-0.01440511060923536,0.037091351266306215,-0.0626720102617841
-1.370803508989175,-0.42445370826625295,-0.041255508406766485,-0.01440511060923536,0.037091351266306215,-0.0626720102617841
-1.44109808965562,-0.7245845622074333,-0.2962564130643155,-0.04697817312529544,0.19489170269674028,0.21355741009754692
-1.5825711100805033,-0.7760108039492503,-0.28264705460597495,0.1794482191498353,-0.2782632998304856,-0.12070010100643815
-1.403610100623291,-0.47796411323777227,-0.026521674892577788,0.05961443175289706,0.015866040896713403,-0.05970314199632193
-1.3068204598294366,-0.4400024554084592,-0.07495435867858079,-0.027915701292056727,0.023563359624802722,-0.07846070918753247
-1.6983981364259757,-0.24619237456912677,-0.3260226147632776,0.12741289180341064,-0.26627844465427314,-0.11018574243383815
-1.5522437186028792,-0.0016560888291679498,-0.055163401535691714,0.08159864676860476,0.006625585703333074,-0.046219915158259746
-1.5522437186028792,-0.0016560888291679498,-0.055163401535691714,0.08159864676860476,0.006625585703333074,-0.046219915158259746
-1.5522437186028792,-0.0016560888291679498,-0.055163401535691714,0.08159864676860476,0.006625585703333074,-0.046219915158259746
-1.5522437186028792,-0.0016560888291679498,-0.055163401535691714,0.08159864676860476,0.006625585703333074,-0.046219915158259746
-1.2428374106696982,-0.45555120255066545,-0.10865320895039511,-0.04142629197487808,0.010035367983299208,-0.09424940811328082
-1.3068204598294366,-0.4400024554084592,-0.07495435867858079,-0.027915701292056727,0.023563359624802722,-0.07846070918753247
-1.403610100623291,-0.47796411323777227,-0.026521674892577788,0.05961443175289706,0.015866040896713403,-0.05970314199632193
-1.3068204598294366,-0.4400024554084592,-0.07495435867858079,-0.027915701292056727,0.023563359624802722,-0.07846070918753247
-1.5497645184463875,-0.722500398977731,-0.29738088812016367,0.10542867678770292,-0.25703798946089285,-0.12366896927190033
-1.370803508989175,-0.42445370826625295,-0.041255508406766485,-0.01440511060923536,0.037091351266306215,-0.0626720102617841
-1.370803508989175,-0.42445370826625295,-0.041255508406766485,-0.01440511060923536,0.037091351266306215,-0.0626720102617841
-1.370803508989175,-0.42445370826625295,-0.041255508406766485,-0.01440511060923536,0.037091351266306215,-0.0626720102617841
-1.3068204598294366,-0.4400024554084592,-0.07495435867858079,-0.027915701292056727,0.023563359624802722,-0.07846070918753247
-1.3068204598294366,-0.4400024554084592,-0.07495435867858079,-0.027915701292056727,0.023563359624802722,-0.07846070918753247
-1.3872068048062332,-0.4512089107520125,-0.033888591649672145,0.02260466057183083,0.026478696081509802,-0.06118757612905302
-1.3872068048062332,-0.4512089107520125,-0.033888591649672145,0.02260466057183083,0.026478696081509802,-0.06118757612905302
-1.403610100623291,-0.47796411323777227,-0.026521674892577788,0.05961443175289706,0.015866040896713403,-0.05970314199632193
-1.403610100623291,-0.47796411323777227,-0.026521674892577788,0.05961443175289706,0.015866040896713403,-0.05970314199632193
-1.3396270514635527,-0.4935128603799785,-0.06022052516439211,0.046103841070075716,0.002338049255209901,-0.07549184092207029
-1.370803508989175,-0.42445370826625295,-0.041255508406766485,-0.01440511060923536,0.037091351266306215,-0.0626720102617841
-1.3396270514635527,-0.4935128603799785,-0.06022052516439211,0.046103841070075716,0.002338049255209901,-0.07549184092207029
-1.1211828438569278,-0.8023282979184646,-0.464750664423387,-0.11453112653940217,0.12725174448922272,0.13461391546880513
-1.370803508989175,-0.42445370826625295,-0.041255508406766485,-0.01440511060923536,0.037091351266306215,-0.0626720102617841
-1.370803508989175,-0.42445370826625295,-0.041255508406766485,-0.01440511060923536,0.037091351266306215,-0.0626720102617841
-1.457501385472678,-0.7513397646931931,-0.28888949630722116,-0.009968401944229212,0.18427904751194388,0.215041844230278
-1.3872068048062332,-0.4512089107520125,-0.033888591649672145,0.02260466057183083,0.026478696081509802,-0.06118757612905302
-1.370803508989175,-0.42445370826625295,-0.041255508406766485,-0.01440511060923536,0.037091351266306215,-0.0626720102617841
-1.370803508989175,-0.42445370826625295,-0.041255508406766485,-0.01440511060923536,0.037091351266306215,-0.0626720102617841
-1.490307977106794,-0.8048501696647122,-0.27415566279303244,0.06405114041790318,0.16305373714235108,0.21801071249574017
-1.490307977106794,-0.8048501696647122,-0.27415566279303244,0.06405114041790318,0.16305373714235108,0.21801071249574017
-1.420013396440349,-0.5047193157235319,-0.019154758135483462,0.09662420293396323,0.005253385711917002,-0.05821870786359084
-1.3872068048062332,-0.4512089107520125,-0.033888591649672145,0.02260466057183083,0.026478696081509802,-0.06118757612905302
-1.424694793838562,-0.6978293597216737,-0.3036233298214098,-0.08398794430636164,0.2055043578815367,0.21207297596481584
-1.403610100623291,-0.47796411323777227,-0.026521674892577788,0.05961443175289706,0.015866040896713403,-0.05970314199632193
-1.403610100623291,-0.47796411323777227,-0.026521674892577788,0.05961443175289706,0.015866040896713403,-0.05970314199632193
-1.403610100623291,-0.47796411323777227,-0.026521674892577788,0.05961443175289706,0.015866040896713403,-0.05970314199632193
-1.403610100623291,-0.47796411323777227,-0.026521674892577788,0.05961443175289706,0.015866040896713403,-0.05970314199632193
-1.3232237556464945,-0.4667576578942188,-0.06758744192148645,0.00909406988900949,0.012950704440006311,-0.07697627505480137
-1.3607117446788235,-0.71337810686388,-0.3373221800932241,-0.097498534989183,0.1919763662400332,0.19628427703906745
-1.370803508989175,-0.42445370826625295,-0.041255508406766485,-0.01440511060923536,0.037091351266306215,-0.0626720102617841
-1.3068204598294366,-0.4400024554084592,-0.07495435867858079,-0.027915701292056727,0.023563359624802722,-0.07846070918753247
-0.9869052140307442,-0.5177461911194905,-0.24344861003765228,-0.09546865470616343,-0.044076598582714836,-0.15740420381627424
-1.370803508989175,-0.42445370826625295,-0.041255508406766485,-0.01440511060923536,0.037091351266306215,-0.0626720102617841
-1.370803508989175,-0.42445370826625295,-0.041255508406766485,-0.01440511060923536,0.037091351266306215,-0.0626720102617841
-1.296728695519085,-0.7289268540060863,-0.3710210303650385,-0.11100912567200436,0.1784483745985297,0.1804955781133191
-0.7372845488984964,-0.8956207807717023,-0.6669437660542727,-0.19559467063633024,0.046083794640201625,0.03988172191431491
-1.3872068048062332,-0.4512089107520125,-0.033888591649672145,0.02260466057183083,0.026478696081509802,-0.06118757612905302
-1.370803508989175,-0.42445370826625295,-0.041255508406766485,-0.01440511060923536,0.037091351266306215,-0.0626720102617841
-1.370803508989175,-0.42445370826625295,-0.041255508406766485,-0.01440511060923536,0.037091351266306215,-0.0626720102617841
-1.3872068048062332,-0.4512089107520125,-0.033888591649672145,0.02260466057183083,0.026478696081509802,-0.06118757612905302
-1.3872068048062332,-0.4512089107520125,-0.033888591649672145,0.02260466057183083,0.026478696081509802,-0.06118757612905302
-1.5512397629768129,-0.7187609356096091,0.039780575921271405,0.39270237238249295,-0.07964785576645429,-0.04634323480174212
-1.5512397629768129,-0.7187609356096091,0.039780575921271405,0.39270237238249295,-0.07964785576645429,-0.04634323480174212
-1.5512397629768129,-0.7187609356096091,0.039780575921271405,0.39270237238249295,-0.07964785576645429,-0.04634323480174212
-1.3872068048062332,-0.4512089107520125,-0.033888591649672145,0.02260466057183083,0.026478696081509802,-0.06118757612905302
-1.403610100623291,-0.47796411323777227,-0.026521674892577788,0.05961443175289706,0.015866040896713403,-0.05970314199632193
-1.403610100623291,-0.47796411323777227,-0.026521674892577788,0.05961443175289706,0.015866040896713403,-0.05970314199632193
-1.44109808965562,-0.7245845622074333,-0.2962564130643155,-0.04697817312529544,0.19489170269674028,0.21355741009754692
-1.370803508989175,-0.42445370826625295,-0.041255508406766485,-0.01440511060923536,0.037091351266306215,-0.0626720102617841
-1.420013396440349,-0.5047193157235319,-0.019154758135483462,0.09662420293396323,0.005253385711917002,-0.05821870786359084
-1.469223283891523,-0.5849849231808109,0.002945992135799595,0.2076535164771619,-0.026584579842472218,-0.05376540546539757
-1.5497645184463875,-0.722500398977731,-0.29738088812016367,0.10542867678770292,-0.25703798946089285,-0.12366896927190033
-1.5497645184463875,-0.722500398977731,-0.29738088812016367,0.10542867678770292,-0.25703798946089285,-0.12366896927190033
-1.3068204598294366,-0.4400024554084592,-0.07495435867858079,-0.027915701292056727,0.023563359624802722,-0.07846070918753247
-1.420013396440349,-0.5047193157235319,-0.019154758135483462,0.09662420293396323,0.005253385711917002,-0.05821870786359084
-1.420013396440349,-0.5047193157235319,-0.019154758135483462,0.09662420293396323,0.005253385711917002,-0.05821870786359084
-1.8952376862306712,-0.5672548043982425,-0.23761961367814538,0.5715301459762053,-0.3936303068718301,-0.09237253284106506
-1.8952376862306712,-0.5672548043982425,-0.23761961367814538,0.5715301459762053,-0.3936303068718301,-0.09237253284106506
-1.622538299269324,-0.30178694277034834,-0.31016430619324076,0.04902558425254465,0.16442593713376713,0.23000950520107127
-1.5194371269687632,0.0518543161423514,-0.06989723504988042,0.007579104406472348,0.027850896072925867,-0.049188783423721925
-1.445362313498673,-0.25261882959748194,-0.3996627570081524,-0.08902491065629661,0.16920791940514934,0.19397880495138128
-1.5358404227858213,0.025099113656591683,-0.06253031829278607,0.04458887558753856,0.017238240888129468,-0.04770434929099084
-1.2428374106696982,-0.45555120255066545,-0.10865320895039511,-0.04142629197487808,0.010035367983299208,-0.09424940811328082
-1.3872068048062332,-0.4512089107520125,-0.033888591649672145,0.02260466057183083,0.026478696081509802,-0.06118757612905302
-1.370803508989175,-0.42445370826625295,-0.041255508406766485,-0.01440511060923536,0.037091351266306215,-0.0626720102617841
-1.746604068251083,-1.0435628288068466,-0.20897788703503145,0.5495459309604975,-0.3843898516784497,-0.10585575967912723
-1.370803508989175,-0.42445370826625295,-0.041255508406766485,-0.01440511060923536,0.037091351266306215,-0.0626720102617841
-1.424694793838562,-0.6978293597216737,-0.3036233298214098,-0.08398794430636164,0.2055043578815367,0.21207297596481584
-1.1952576573270177,-0.49785515217863135,-0.1349851424651151,-0.017927111476633187,-0.014105278843000708,-0.1085536729062981
-1.1148713123502214,-0.486648696835078,-0.1760509094940237,-0.06844747334052079,-0.01702061529970782,-0.12582680596477758
-1.1148713123502214,-0.486648696835078,-0.1760509094940237,-0.06844747334052079,-0.01702061529970782,-0.12582680596477758
-1.2774290259903758,-0.7579401850607964,-0.4395432059645152,0.014376542875351294,-0.30053730084211044,-0.18830819910762486
-1.403610100623291,-0.47796411323777227,-0.026521674892577788,0.05961443175289706,0.015866040896713403,-0.05970314199632193
-1.370803508989175,-0.42445370826625295,-0.041255508406766485,-0.01440511060923536,0.037091351266306215,-0.0626720102617841
-1.5333612226293294,-0.6957451964919714,-0.304747804877258,0.06841890560663672,-0.2464253342760964,-0.12515340340463144
-0.6669899682320516,-0.5954899268305218,-0.41194286139672376,-0.16302160812027017,-0.1117165567902324,-0.23634769844501613
-1.3068204598294366,-0.4400024554084592,-0.07495435867858079,-0.027915701292056727,0.023563359624802722,-0.07846070918753247
-1.296728695519085,-0.7289268540060863,-0.3710210303650385,-0.11100912567200436,0.1784483745985297,0.1804955781133191
-1.403610100623291,-0.47796411323777227,-0.026521674892577788,0.05961443175289706,0.015866040896713403,-0.05970314199632193
-1.457501385472678,-0.7513397646931931,-0.28888949630722116,-0.009968401944229212,0.18427904751194388,0.215041844230278
-1.44109808965562,-0.7245845622074333,-0.2962564130643155,-0.04697817312529544,0.19489170269674028,0.21355741009754692
-1.3872068048062332,-0.4512089107520125,-0.033888591649672145,0.02260466057183083,0.026478696081509802,-0.06118757612905302
-1.370803508989175,-0.42445370826625295,-0.041255508406766485,-0.01440511060923536,0.037091351266306215,-0.0626720102617841
-1.5661678142634454,-0.7492556014634907,-0.2900139713630693,0.14243844796876914,-0.2676506446456892,-0.12218453513916923
-1.44109808965562,-0.7245845622074333,-0.2962564130643155,-0.04697817312529544,0.19489170269674028,0.21355741009754692
-1.44109808965562,-0.7245845622074333,-0.2962564130643155,-0.04697817312529544,0.19489170269674028,0.21355741009754692
-1.403610100623291,-0.47796411323777227,-0.026521674892577788,0.05961443175289706,0.015866040896713403,-0.05970314199632193
-1.403610100623291,-0.47796411323777227,-0.026521674892577788,0.05961443175289706,0.015866040896713403,-0.05970314199632193
-1.403610100623291,-0.47796411323777227,-0.026521674892577788,0.05961443175289706,0.015866040896713403,-0.05970314199632193
-1.3607117446788235,-0.71337810686388,-0.3373221800932241,-0.097498534989183,0.1919763662400332,0.19628427703906745
-1.403610100623291,-0.47796411323777227,-0.026521674892577788,0.05961443175289706,0.015866040896713403,-0.05970314199632193
-1.3872068048062332,-0.4512089107520125,-0.033888591649672145,0.02260466057183083,0.026478696081509802,-0.06118757612905302
-1.3872068048062332,-0.4512089107520125,-0.033888591649672145,0.02260466057183083,0.026478696081509802,-0.06118757612905302
-1.3872068048062332,-0.4512089107520125,-0.033888591649672145,0.02260466057183083,0.026478696081509802,-0.06118757612905302
-1.3872068048062332,-0.4512089107520125,-0.033888591649672145,0.02260466057183083,0.026478696081509802,-0.06118757612905302
-1.370803508989175,-0.42445370826625295,-0.041255508406766485,-0.01440511060923536,0.037091351266306215,-0.0626720102617841
-1.370803508989175,-0.42445370826625295,-0.041255508406766485,-0.01440511060923536,0.037091351266306215,-0.0626720102617841
-1.370803508989175,-0.42445370826625295,-0.041255508406766485,-0.01440511060923536,0.037091351266306215,-0.0626720102617841
-1.3872068048062332,-0.4512089107520125,-0.033888591649672145,0.02260466057183083,0.026478696081509802,-0.06118757612905302
-1.3872068048062332,-0.4512089107520125,-0.033888591649672145,0.02260466057183083,0.026478696081509802,-0.06118757612905302
-1.370803508989175,-0.42445370826625295,-0.041255508406766485,-0.01440511060923536,0.037091351266306215,-0.0626720102617841
0.06800003005069506,-0.8355852975085164,-0.801595231144307,-0.2511291539519939,-0.2952777668578673,-0.4228432172885342
-1.3068204598294366,-0.4400024554084592,-0.07495435867858079,-0.027915701292056727,0.023563359624802722,-0.07846070918753247
-1.469223283891523,-0.5849849231808109,0.002945992135799595,0.2076535164771619,-0.026584579842472218,-0.05376540546539757
-1.424694793838562,-0.6978293597216737,-0.3036233298214098,-0.08398794430636164,0.2055043578815367,0.21207297596481584
-1.370803508989175,-0.42445370826625295,-0.041255508406766485,-0.01440511060923536,0.037091351266306215,-0.0626720102617841
-1.5231145687409098,-0.8583605746362316,-0.2594218292788438,0.13807068278003562,0.14182842677275825,0.22097958076120236
-1.3396270514635527,-0.4935128603799785,-0.06022052516439211,0.046103841070075716,0.002338049255209901,-0.07549184092207029
-1.1047795480398697,-0.775573095432705,-0.47211758118048136,-0.1515408977204684,0.13786439967401914,0.13312948133607402
-1.3068204598294366,-0.4400024554084592,-0.07495435867858079,-0.027915701292056727,0.023563359624802722,-0.07846070918753247
-1.5333612226293294,-0.6957451964919714,-0.304747804877258,0.06841890560663672,-0.2464253342760964,-0.12515340340463144
-1.2327456463593467,-0.7444756011482926,-0.40471988063685277,-0.12451971635482569,0.16492038295702618,0.16470687918757074
-1.232328472804187,-0.07939982454019925,-0.2236576528947632,0.01404569335449803,-0.061014372504184504,-0.12516340978700158
-1.2862197576535739,-0.35277547599562,-0.48602547430940657,-0.055537140342628244,0.10739863411104596,0.14958157643959838
-1.5897317076352082,-0.24827653779882905,-0.3248981397074294,-0.024993958109587714,0.18565124750335996,0.22704063693560908
-1.5194371269687632,0.0518543161423514,-0.06989723504988042,0.007579104406472348,0.027850896072925867,-0.049188783423721925
-1.5897317076352082,-0.24827653779882905,-0.3248981397074294,-0.024993958109587714,0.18565124750335996,0.22704063693560908
-1.5093453626584117,-0.2370700824552756,-0.3659639067363381,-0.07551431997347528,0.18273591104665285,0.20976750387712964
-1.5194371269687632,0.0518543161423514,-0.06989723504988042,0.007579104406472348,0.027850896072925867,-0.049188783423721925
-1.2428374106696982,-0.45555120255066545,-0.10865320895039511,-0.04142629197487808,0.010035367983299208,-0.09424940811328082
-1.469378173469591,-0.7112939436341776,-0.3384466551490723,0.05490831492381536,-0.2599533259175999,-0.14094210233037976
-1.370803508989175,-0.42445370826625295,-0.041255508406766485,-0.01440511060923536,0.037091351266306215,-0.0626720102617841
-1.370803508989175,-0.42445370826625295,-0.041255508406766485,-0.01440511060923536,0.037091351266306215,-0.0626720102617841
-1.2428374106696982,-0.45555120255066545,-0.10865320895039511,-0.04142629197487808,0.010035367983299208,-0.09424940811328082
-1.424694793838562,-0.6978293597216737,-0.3036233298214098,-0.08398794430636164,0.2055043578815367,0.21207297596481584
-1.370803508989175,-0.42445370826625295,-0.041255508406766485,-0.01440511060923536,0.037091351266306215,-0.0626720102617841
-1.370803508989175,-0.42445370826625295,-0.041255508406766485,-0.01440511060923536,0.037091351266306215,-0.0626720102617841
-1.6379376394603156,-1.045646992036549,-0.2078534119791833,0.3971390810474991,0.06753984047918335,0.23137061969032
-1.1788543615099598,-0.4710999496928718,-0.1423520592222094,-0.054936882657699415,-0.0034926236582042995,-0.11003810703902919
-1.3872068048062332,-0.4512089107520125,-0.033888591649672145,0.02260466057183083,0.026478696081509802,-0.06118757612905302
-1.469223283891523,-0.5849849231808109,0.002945992135799595,0.2076535164771619,-0.026584579842472218,-0.05376540546539757
-1.420013396440349,-0.5047193157235319,-0.019154758135483462,0.09662420293396323,0.005253385711917002,-0.05821870786359084
-1.420013396440349,-0.5047193157235319,-0.019154758135483462,0.09662420293396323,0.005253385711917002,-0.05821870786359084
-1.420013396440349,-0.5047193157235319,-0.019154758135483462,0.09662420293396323,0.005253385711917002,-0.05821870786359084
-1.370803508989175,-0.42445370826625295,-0.041255508406766485,-0.01440511060923536,0.037091351266306215,-0.0626720102617841
-1.5840463546109287,-0.7722713405811283,0.05451440943546008,0.4667219147446254,-0.1008731661360471,-0.04337436653627994
-1.2592407064867561,-0.48230640503642513,-0.10128629219330078,-0.004416520793811849,-0.0005772872014972059,-0.09276497398054973
-1.403610100623291,-0.47796411323777227,-0.026521674892577788,0.05961443175289706,0.015866040896713403,-0.05970314199632193
-1.490307977106794,-0.8048501696647122,-0.27415566279303244,0.06405114041790318,0.16305373714235108,0.21801071249574017
-1.403610100623291,-0.47796411323777227,-0.026521674892577788,0.05961443175289706,0.015866040896713403,-0.05970314199632193
-1.2428374106696982,-0.45555120255066545,-0.10865320895039511,-0.04142629197487808,0.010035367983299208,-0.09424940811328082
-1.44109808965562,-0.7245845622074333,-0.2962564130643155,-0.04697817312529544,0.19489170269674028,0.21355741009754692
-1.370803508989175,-0.42445370826625295,-0.041255508406766485,-0.01440511060923536,0.037091351266306215,-0.0626720102617841
-1.0049386439562957,-0.667070950690495,-0.24031287652399486,0.07606961051634628,-0.1106678661482004,-0.16577073207836715
-1.5333612226293294,-0.6957451964919714,-0.304747804877258,0.06841890560663672,-0.2464253342760964,-0.12515340340463144
-1.2592407064867561,-0.48230640503642513,-0.10128629219330078,-0.004416520793811849,-0.0005772872014972059,-0.09276497398054973
-1.5333612226293294,-0.6957451964919714,-0.304747804877258,0.06841890560663672,-0.2464253342760964,-0.12515340340463144
-1.5333612226293294,-0.6957451964919714,-0.304747804877258,0.06841890560663672,-0.2464253342760964,-0.12515340340463144
-1.5333612226293294,-0.6957451964919714,-0.304747804877258,0.06841890560663672,-0.2464253342760964,-0.12515340340463144
-1.436416692257407,-0.5314745182092915,-0.011787841378389098,0.13363397411502942,-0.005359269472879402,-0.05673427373085975
-1.370803508989175,-0.42445370826625295,-0.041255508406766485,-0.01440511060923536,0.037091351266306215,-0.0626720102617841
-1.44109808965562,-0.7245845622074333,-0.2962564130643155,-0.04697817312529544,0.19489170269674028,0.21355741009754692
-1.370803508989175,-0.42445370826625295,-0.041255508406766485,-0.01440511060923536,0.037091351266306215,-0.0626720102617841
-1.370803508989175,-0.42445370826625295,-0.041255508406766485,-0.01440511060923536,0.037091351266306215,-0.0626720102617841
-1.370803508989175,-0.42445370826625295,-0.041255508406766485,-0.01440511060923536,0.037091351266306215,-0.0626720102617841
-1.436416692257407,-0.5314745182092915,-0.011787841378389098,0.13363397411502942,-0.005359269472879402,-0.05673427373085975
-1.5661678142634454,-0.7492556014634907,-0.2900139713630693,0.14243844796876914,-0.2676506446456892,-0.12218453513916923
-1.3872068048062332,-0.4512089107520125,-0.033888591649672145,0.02260466057183083,0.026478696081509802,-0.06118757612905302
-1.370803508989175,-0.42445370826625295,-0.041255508406766485,-0.01440511060923536,0.037091351266306215,-0.0626720102617841
-1.424694793838562,-0.6978293597216737,-0.3036233298214098,-0.08398794430636164,0.2055043578815367,0.21207297596481584
-1.2428374106696982,-0.45555120255066545,-0.10865320895039511,-0.04142629197487808,0.010035367983299208,-0.09424940811328082
-1.313131991336143,-0.7556820564918459,-0.36365411360794414,-0.07399935449093813,0.16783571941373326,0.18198001224605018
-1.403610100623291,-0.47796411323777227,-0.026521674892577788,0.05961443175289706,0.015866040896713403,-0.05970314199632193
-1.3232237556464945,-0.4667576578942188,-0.06758744192148645,0.00909406988900949,0.012950704440006311,-0.07697627505480137
-1.44109808965562,-0.7245845622074333,-0.2962564130643155,-0.04697817312529544,0.19489170269674028,0.21355741009754692
-1.403610100623291,-0.47796411323777227,-0.026521674892577788,0.05961443175289706,0.015866040896713403,-0.05970314199632193
-1.403610100623291,-0.47796411323777227,-0.026521674892577788,0.05961443175289706,0.015866040896713403,-0.05970314199632193
-1.403610100623291,-0.47796411323777227,-0.026521674892577788,0.05961443175289706,0.015866040896713403,-0.05970314199632193
-1.3607117446788235,-0.71337810686388,-0.3373221800932241,-0.097498534989183,0.1919763662400332,0.19628427703906745
-1.44109808965562,-0.7245845622074333,-0.2962564130643155,-0.04697817312529544,0.19489170269674028,0.21355741009754692
-1.436416692257407,-0.5314745182092915,-0.011787841378389098,0.13363397411502942,-0.005359269472879402,-0.05673427373085975
-1.370803508989175,-0.42445370826625295,-0.041255508406766485,-0.01440511060923536,0.037091351266306215,-0.0626720102617841
-1.370803508989175,-0.42445370826625295,-0.041255508406766485,-0.01440511060923536,0.037091351266306215,-0.0626720102617841
-1.457501385472678,-0.7513397646931931,-0.28888949630722116,-0.009968401944229212,0.18427904751194388,0.215041844230278
-1.3872068048062332,-0.4512089107520125,-0.033888591649672145,0.02260466057183083,0.026478696081509802,-0.06118757612905302
-1.1788543615099598,-0.4710999496928718,-0.1423520592222094,-0.054936882657699415,-0.0034926236582042995,-0.11003810703902919
-1.370803508989175,-0.42445370826625295,-0.041255508406766485,-0.01440511060923536,0.037091351266306215,-0.0626720102617841
-1.436416692257407,-0.5314745182092915,-0.011787841378389098,0.13363397411502942,-0.005359269472879402,-0.05673427373085975
-1.44109808965562,-0.7245845622074333,-0.2962564130643155,-0.04697817312529544,0.19489170269674028,0.21355741009754692
-1.420013396440349,-0.5047193157235319,-0.019154758135483462,0.09662420293396323,0.005253385711917002,-0.05821870786359084
-1.44109808965562,-0.7245845622074333,-0.2962564130643155,-0.04697817312529544,0.19489170269674028,0.21355741009754692
-1.370803508989175,-0.42445370826625295,-0.041255508406766485,-0.01440511060923536,0.037091351266306215,-0.0626720102617841
-1.5840463546109287,-0.7722713405811283,0.05451440943546008,0.4667219147446254,-0.1008731661360471,-0.04337436653627994
-1.8136924960497403,-1.1468441753817638,0.15765124403478079,0.9848587112795527,-0.24945033872319675,-0.02259228867804469
-1.3068204598294366,-0.4400024554084592,-0.07495435867858079,-0.027915701292056727,0.023563359624802722,-0.07846070918753247
-1.3068204598294366,-0.4400024554084592,-0.07495435867858079,-0.027915701292056727,0.023563359624802722,-0.07846070918753247
-1.3872068048062332,-0.4512089107520125,-0.033888591649672145,0.02260466057183083,0.026478696081509802,-0.06118757612905302
-1.3872068048062332,-0.4512089107520125,-0.033888591649672145,0.02260466057183083,0.026478696081509802,-0.06118757612905302
-1.3068204598294366,-0.4400024554084592,-0.07495435867858079,-0.027915701292056727,0.023563359624802722,-0.07846070918753247
-1.3068204598294366,-0.4400024554084592,-0.07495435867858079,-0.027915701292056727,0.023563359624802722,-0.07846070918753247
-1.3872068048062332,-0.4512089107520125,-0.033888591649672145,0.02260466057183083,0.026478696081509802,-0.06118757612905302
-1.3068204598294366,-0.4400024554084592,-0.07495435867858079,-0.027915701292056727,0.023563359624802722,-0.07846070918753247
-1.5840463546109287,-0.7722713405811283,0.05451440943546008,0.4667219147446254,-0.1008731661360471,-0.04337436653627994
-1.8136924960497403,-1.1468441753817638,0.15765124403478079,0.9848587112795527,-0.24945033872319675,-0.02259228867804469
-1.370803508989175,-0.42445370826625295,-0.041255508406766485,-0.01440511060923536,0.037091351266306215,-0.0626720102617841
-1.3872068048062332,-0.4512089107520125,-0.033888591649672145,0.02260466057183083,0.026478696081509802,-0.06118757612905302
-1.5522437186028792,-0.0016560888291679498,-0.055163401535691714,0.08159864676860476,0.006625585703333074,-0.046219915158259746
-1.5358404227858213,0.025099113656591683,-0.06253031829278607,0.04458887558753856,0.017238240888129468,-0.04770434929099084
-1.5194371269687632,0.0518543161423514,-0.06989723504988042,0.007579104406472348,0.027850896072925867,-0.049188783423721925
-1.5194371269687632,0.0518543161423514,-0.06989723504988042,0.007579104406472348,0.027850896072925867,-0.049188783423721925
-1.5358404227858213,0.025099113656591683,-0.06253031829278607,0.04458887558753856,0.017238240888129468,-0.04770434929099084
-1.3068204598294366,-0.4400024554084592,-0.07495435867858079,-0.027915701292056727,0.023563359624802722,-0.07846070918753247
-1.4739046812897358,-0.7780949671789527,-0.28152257955012683,0.02704136923683696,0.17366639232714748,0.21652627836300908
-1.3396270514635527,-0.4935128603799785,-0.06022052516439211,0.046103841070075716,0.002338049255209901,-0.07549184092207029
-1.424694793838562,-0.6978293597216737,-0.3036233298214098,-0.08398794430636164,0.2055043578815367,0.21207297596481584
-1.370803508989175,-0.42445370826625295,-0.041255508406766485,-0.01440511060923536,0.037091351266306215,-0.0626720102617841
-1.403610100623291,-0.47796411323777227,-0.026521674892577788,0.05961443175289706,0.015866040896713403,-0.05970314199632193
-1.370803508989175,-0.42445370826625295,-0.041255508406766485,-0.01440511060923536,0.037091351266306215,-0.0626720102617841
-1.3872068048062332,-0.4512089107520125,-0.033888591649672145,0.02260466057183083,0.026478696081509802,-0.06118757612905302
-1.3102356176244916,-0.8114505900323157,-0.4248093724503265,0.08839608523748377,-0.32176261121170324,-0.18533933084216267
-1.44109808965562,-0.7245845622074333,-0.2962564130643155,-0.04697817312529544,0.19489170269674028,0.21355741009754692
-1.370803508989175,-0.42445370826625295,-0.041255508406766485,-0.01440511060923536,0.037091351266306215,-0.0626720102617841
-1.370803508989175,-0.42445370826625295,-0.041255508406766485,-0.01440511060923536,0.037091351266306215,-0.0626720102617841
-1.3872068048062332,-0.4512089107520125,-0.033888591649672145,0.02260466057183083,0.026478696081509802,-0.06118757612905302
-1.3872068048062332,-0.4512089107520125,-0.033888591649672145,0.02260466057183083,0.026478696081509802,-0.06118757612905302
-1.3872068048062332,-0.4512089107520125,-0.033888591649672145,0.02260466057183083,0.026478696081509802,-0.06118757612905302
-1.3872068048062332,-0.4512089107520125,-0.033888591649672145,0.02260466057183083,0.026478696081509802,-0.06118757612905302
-1.3872068048062332,-0.4512089107520125,-0.033888591649672145,0.02260466057183083,0.026478696081509802,-0.06118757612905302
-1.3872068048062332,-0.4512089107520125,-0.033888591649672145,0.02260466057183083,0.026478696081509802,-0.06118757612905302
-1.424694793838562,-0.6978293597216737,-0.3036233298214098,-0.08398794430636164,0.2055043578815367,0.21207297596481584
-0.6669899682320516,-0.5954899268305218,-0.41194286139672376,-0.16302160812027017,-0.1117165567902324,-0.23634769844501613
-1.424694793838562,-0.6978293597216737,-0.3036233298214098,-0.08398794430636164,0.2055043578815367,0.21207297596481584
-1.1148713123502214,-0.486648696835078,-0.1760509094940237,-0.06844747334052079,-0.01702061529970782,-0.12582680596477758
-1.44109808965562,-0.7245845622074333,-0.2962564130643155,-0.04697817312529544,0.19489170269674028,0.21355741009754692
-1.370803508989175,-0.42445370826625295,-0.041255508406766485,-0.01440511060923536,0.037091351266306215,-0.0626720102617841
-1.370803508989175,-0.42445370826625295,-0.041255508406766485,-0.01440511060923536,0.037091351266306215,-0.0626720102617841
-1.469378173469591,-0.7112939436341776,-0.3384466551490723,0.05490831492381536,-0.2599533259175999,-0.14094210233037976
-1.469378173469591,-0.7112939436341776,-0.3384466551490723,0.05490831492381536,-0.2599533259175999,-0.14094210233037976
-1.3872068048062332,-0.4512089107520125,-0.033888591649672145,0.02260466057183083,0.026478696081509802,-0.06118757612905302
-1.370803508989175,-0.42445370826625295,-0.041255508406766485,-0.01440511060923536,0.037091351266306215,-0.0626720102617841
-1.3872068048062332,-0.4512089107520125,-0.033888591649672145,0.02260466057183083,0.026478696081509802,-0.06118757612905302
-1.3068204598294366,-0.4400024554084592,-0.07495435867858079,-0.027915701292056727,0.023563359624802722,-0.07846070918753247
-1.296728695519085,-0.7289268540060863,-0.3710210303650385,-0.11100912567200436,0.1784483745985297,0.1804955781133191
-1.44109808965562,-0.7245845622074333,-0.2962564130643155,-0.04697817312529544,0.19489170269674028,0.21355741009754692
-1.370803508989175,-0.42445370826625295,-0.041255508406766485,-0.01440511060923536,0.037091351266306215,-0.0626720102617841
-1.370803508989175,-0.42445370826625295,-0.041255508406766485,-0.01440511060923536,0.037091351266306215,-0.0626720102617841
-1.370803508989175,-0.42445370826625295,-0.041255508406766485,-0.01440511060923536,0.037091351266306215,-0.0626720102617841
-1.370803508989175,-0.42445370826625295,-0.041255508406766485,-0.01440511060923536,0.037091351266306215,-0.0626720102617841
-1.5497645184463875,-0.722500398977731,-0.29738088812016367,0.10542867678770292,-0.25703798946089285,-0.12366896927190033
-1.3232237556464945,-0.4667576578942188,-0.06758744192148645,0.00909406988900949,0.012950704440006311,-0.07697627505480137
-1.370803508989175,-0.42445370826625295,-0.041255508406766485,-0.01440511060923536,0.037091351266306215,-0.0626720102617841
-1.3068204598294366,-0.4400024554084592,-0.07495435867858079,-0.027915701292056727,0.023563359624802722,-0.07846070918753247
-1.424694793838562,-0.6978293597216737,-0.3036233298214098,-0.08398794430636164,0.2055043578815367,0.21207297596481584
-1.3068204598294366,-0.4400024554084592,-0.07495435867858079,-0.027915701292056727,0.023563359624802722,-0.07846070918753247
-1.370803508989175,-0.42445370826625295,-0.041255508406766485,-0.01440511060923536,0.037091351266306215,-0.0626720102617841
-1.403610100623291,-0.47796411323777227,-0.026521674892577788,0.05961443175289706,0.015866040896713403,-0.05970314199632193
-1.403610100623291,-0.47796411323777227,-0.026521674892577788,0.05961443175289706,0.015866040896713403,-0.05970314199632193
-1.370803508989175,-0.42445370826625295,-0.041255508406766485,-0.01440511060923536,0.037091351266306215,-0.0626720102617841
-1.370803508989175,-0.42445370826625295,-0.041255508406766485,-0.01440511060923536,0.037091351266306215,-0.0626720102617841
-1.3872068048062332,-0.4512089107520125,-0.033888591649672145,0.02260466057183083,0.026478696081509802,-0.06118757612905302
-1.424694793838562,-0.6978293597216737,-0.3036233298214098,-0.08398794430636164,0.2055043578815367,0.21207297596481584
-1.4852039157429708,-0.7837562729433478,-0.2923735841305324,-0.03679379438228032,0.1636911686921801,0.19694241447898714
-1.4523973241088548,-0.7302458679718286,-0.30710741764472105,-0.11081333674441277,0.18491647906177291,0.19397354621352494
-1.3884142749491164,-0.7457946151140349,-0.34080626791653534,-0.12432392742723412,0.1713884874202694,0.1781848472877766
-1.3884142749491164,-0.7457946151140349,-0.34080626791653534,-0.12432392742723412,0.1713884874202694,0.1781848472877766
-1.3884142749491164,-0.7457946151140349,-0.34080626791653534,-0.12432392742723412,0.1713884874202694,0.1781848472877766
-1.3244312257893778,-0.7613433622562411,-0.37450511818834964,-0.13783451811005548,0.1578604957787659,0.1623961483620282
-1.212868423286959,-0.8191960590264132,-0.4345359019748839,-0.12784592829463196,0.12019185731096242,0.1323031846432626
-1.4048175707661743,-0.7725498175997945,-0.333439351159441,-0.0873141562461679,0.16077583223547298,0.17966928142050767
-1.5116989758703805,-0.5215870768314804,0.011060004313019699,0.08330940117873348,-0.0018065014663432737,-0.06052943868913335
-1.4624890884192066,-0.4413214693742015,-0.011040745958263355,-0.02771991236446513,0.030031464088045932,-0.06498274108732661
-1.4624890884192066,-0.4413214693742015,-0.011040745958263355,-0.02771991236446513,0.030031464088045932,-0.06498274108732661
-1.3517233220066278,1.408169646352644,0.25214988198342353,-0.12829317459227,-0.08521727875306401,-0.03570504775297217
-1.4624890884192066,-0.4413214693742015,-0.011040745958263355,-0.02771991236446513,0.030031464088045932,-0.06498274108732661
-1.4624890884192066,-0.4413214693742015,-0.011040745958263355,-0.02771991236446513,0.030031464088045932,-0.06498274108732661
-1.4624890884192066,-0.4413214693742015,-0.011040745958263355,-0.02771991236446513,0.030031464088045932,-0.06498274108732661
-1.4624890884192066,-0.4413214693742015,-0.011040745958263355,-0.02771991236446513,0.030031464088045932,-0.06498274108732661
-1.4788923842362645,-0.4680766718599611,-0.003673829201169023,0.009289858816601066,0.019418808903249533,-0.06349830695459553
-1.4788923842362645,-0.4680766718599611,-0.003673829201169023,0.009289858816601066,0.019418808903249533,-0.06349830695459553
-1.4624890884192066,-0.4413214693742015,-0.011040745958263355,-0.02771991236446513,0.030031464088045932,-0.06498274108732661
-1.4788923842362645,-0.4680766718599611,-0.003673829201169023,0.009289858816601066,0.019418808903249533,-0.06349830695459553
-1.4952956800533224,-0.4948318743457208,0.0036930875559253377,0.04629962999766729,0.008806153718453126,-0.06201387282186444
-1.4788923842362645,-0.4680766718599611,-0.003673829201169023,0.009289858816601066,0.019418808903249533,-0.06349830695459553
-1.4624890884192066,-0.4413214693742015,-0.011040745958263355,-0.02771991236446513,0.030031464088045932,-0.06498274108732661
-1.3884142749491164,-0.7457946151140349,-0.34080626791653534,-0.12432392742723412,0.1713884874202694,0.1781848472877766
-1.5163803732685934,-0.7146971208296223,-0.2734085673729067,-0.09730274606159141,0.19844447070327642,0.2097622451392733
-1.4523973241088548,-0.7302458679718286,-0.30710741764472105,-0.11081333674441277,0.18491647906177291,0.19397354621352494
-1.4952956800533224,-0.4948318743457208,0.0036930875559253377,0.04629962999766729,0.008806153718453126,-0.06201387282186444
-1.5774670487166804,-0.7549169072278858,-0.30086497594347483,0.0786032843496518,-0.2776258682806566,-0.1417683990231912
-1.4624890884192066,-0.4413214693742015,-0.011040745958263355,-0.02771991236446513,0.030031464088045932,-0.06498274108732661
-1.398506039259468,-0.45687021651640775,-0.04473959623007768,-0.04123050304728649,0.016503472446542426,-0.08077144001307497
-1.4523973241088548,-0.7302458679718286,-0.30710741764472105,-0.11081333674441277,0.18491647906177291,0.19397354621352494
-1.4624890884192066,-0.4413214693742015,-0.011040745958263355,-0.02771991236446513,0.030031464088045932,-0.06498274108732661
-1.5116989758703805,-0.5215870768314804,0.011060004313019699,0.08330940117873348,-0.0018065014663432737,-0.06052943868913335
-1.4788923842362645,-0.4680766718599611,-0.003673829201169023,0.009289858816601066,0.019418808903249533,-0.06349830695459553
-0.6058445233236895,-1.0281939354199952,-0.7567905711788383,-0.188932292760713,-0.03631336947366556,-0.02261493634875889
-1.4788923842362645,-0.4680766718599611,-0.003673829201169023,0.009289858816601066,0.019418808903249533,-0.06349830695459553
-1.5163803732685934,-0.7146971208296223,-0.2734085673729067,-0.09730274606159141,0.19844447070327642,0.2097622451392733
-1.2229601875973106,-0.5302716604287862,-0.13846923028842628,-0.044752503914684334,-0.034693157662764505,-0.126653102657589
-1.5819935565368253,-0.8217179307726609,-0.24394090034452937,0.050736338662673394,0.1559938499640908,0.21569998167019766
-1.4624890884192066,-0.4413214693742015,-0.011040745958263355,-0.02771991236446513,0.030031464088045932,-0.06498274108732661
-1.2229601875973106,-0.5302716604287862,-0.13846923028842628,-0.044752503914684334,-0.034693157662764505,-0.126653102657589
-1.4624890884192066,-0.4413214693742015,-0.011040745958263355,-0.02771991236446513,0.030031464088045932,-0.06498274108732661
-1.4788923842362645,-0.4680766718599611,-0.003673829201169023,0.009289858816601066,0.019418808903249533,-0.06349830695459553
-1.223757223687151,1.3770721520682314,0.18475218143979485,-0.1553143559579127,-0.11227326203607102,-0.06728244560446887
-1.5281022716874384,-0.5483422793172401,0.018426921070114025,0.12031917235979966,-0.012419156651139683,-0.05904500455640226
-1.4624890884192066,-0.4413214693742015,-0.011040745958263355,-0.02771991236446513,0.030031464088045932,-0.06498274108732661
-1.5281022716874384,-0.5483422793172401,0.018426921070114025,0.12031917235979966,-0.012419156651139683,-0.05904500455640226
-1.398506039259468,-0.45687021651640775,-0.04473959623007768,-0.04123050304728649,0.016503472446542426,-0.08077144001307497
-1.4952956800533224,-0.4948318743457208,0.0036930875559253377,0.04629962999766729,0.008806153718453126,-0.06201387282186444
-1.3244312257893778,-0.7613433622562411,-0.37450511818834964,-0.13783451811005548,0.1578604957787659,0.1623961483620282
-1.5163803732685934,-0.7146971208296223,-0.2734085673729067,-0.09730274606159141,0.19844447070327642,0.2097622451392733
-1.303346532574107,-0.5414781157723396,-0.09740346325951763,0.0057678579492032546,-0.03177782120605741,-0.10937996959910953
-1.303346532574107,-0.5414781157723396,-0.09740346325951763,0.0057678579492032546,-0.03177782120605741,-0.10937996959910953
-1.2065568917802527,-0.5035164579430266,-0.1458361470455206,-0.08176227509575054,-0.024080502477968103,-0.12813753679032008
-1.4624890884192066,-0.4413214693742015,-0.011040745958263355,-0.02771991236446513,0.030031464088045932,-0.06498274108732661
-1.625046802059361,-0.7126129575999199,-0.27453304242875487,0.05510410385140695,-0.2534852214543567,-0.12746413423017391
-1.3572378174234938,-0.8148537672277604,-0.359771284674161,-0.06381497574792303,0.13663518540917308,0.1653650166274904
-1.6603325938499687,-0.04527905242287619,-0.017581722330094317,0.10529361619444116,-0.011046956659723618,-0.04704621185107117
-1.5370478929287046,-0.2694865907054305,-0.3694479945596493,-0.10233971241152641,0.16214803222688906,0.19166807412583875
-1.372390841666739,1.8533801764768356,0.15611045479668093,-0.13333014094220497,-0.12151371722945135,-0.05379921876640671
-1.6603325938499687,-0.04527905242287619,-0.017581722330094317,0.10529361619444116,-0.011046956659723618,-0.04704621185107117
-1.6111227063987947,0.03498655503440282,-0.03968247260137731,-0.00573569734875743,0.020791008894665598,-0.05149951424926444
-1.4477159267106419,-0.5371358239736866,-0.022638845958794656,0.06979881049591213,-0.015334493107846793,-0.07631813761488171
-1.2065568917802527,-0.5035164579430266,-0.1458361470455206,-0.08176227509575054,-0.024080502477968103,-0.12813753679032008
-1.4624890884192066,-0.4413214693742015,-0.011040745958263355,-0.02771991236446513,0.030031464088045932,-0.06498274108732661
-1.5281022716874384,-0.5483422793172401,0.018426921070114025,0.12031917235979966,-0.012419156651139683,-0.05904500455640226
-1.5281022716874384,-0.5483422793172401,0.018426921070114025,0.12031917235979966,-0.012419156651139683,-0.05904500455640226
-1.5281022716874384,-0.5483422793172401,0.018426921070114025,0.12031917235979966,-0.012419156651139683,-0.05904500455640226
-1.5281022716874384,-0.5483422793172401,0.018426921070114025,0.12031917235979966,-0.012419156651139683,-0.05904500455640226
-1.5281022716874384,-0.5483422793172401,0.018426921070114025,0.12031917235979966,-0.012419156651139683,-0.05904500455640226
-1.4952956800533224,-0.4948318743457208,0.0036930875559253377,0.04629962999766729,0.008806153718453126,-0.06201387282186444
-1.4788923842362645,-0.4680766718599611,-0.003673829201169023,0.009289858816601066,0.019418808903249533,-0.06349830695459553
-1.5445055675044963,-0.5750974818029997,0.025793837827208413,0.15732894354086588,-0.0230318118359361,-0.05756057042367117
-1.4624890884192066,-0.4413214693742015,-0.011040745958263355,-0.02771991236446513,0.030031464088045932,-0.06498274108732661
-1.4788923842362645,-0.4680766718599611,-0.003673829201169023,0.009289858816601066,0.019418808903249533,-0.06349830695459553
-1.4788923842362645,-0.4680766718599611,-0.003673829201169023,0.009289858816601066,0.019418808903249533,-0.06349830695459553
-1.4788923842362645,-0.4680766718599611,-0.003673829201169023,0.009289858816601066,0.019418808903249533,-0.06349830695459553
-1.6429253424068442,-0.7356286967175576,0.06999533836977447,0.3793875706272632,-0.08670774294471459,-0.048653965627284634
-1.5163803732685934,-0.7146971208296223,-0.2734085673729067,-0.09730274606159141,0.19844447070327642,0.2097622451392733
4.310674938910944,-1.8360320258832046,5.736100431334206,-4.690700562920132,-0.02584725298877905,0.03220263558344023
5.031629199146612,-1.1651359261252145,0.3172928930011296,3.1019964953019072,6.906066306048106,-2.182581641679337
2.823289161982059,-1.1831337363594303,0.4358501671535633,-0.1029524808961075,0.41056174049725225,0.5111243619498432
5.079710269979729,-1.5784368806498037,-4.818909162623257,-2.514933806608537,-1.4929183821857699,-0.023851489885384162
4.7773057501789085,-1.5852643461881348,2.4039013895487273,5.848136635483878,-4.894018614808089,0.595591214345815
4.7773057501789085,-1.5852643461881348,2.4039013895487273,5.848136635483878,-4.894018614808089,0.595591214345815
0.6244586511166506,5.5393083631135545,0.8274464243902505,-0.29852304397538837,-0.3106684425518821,0.09037349525391551
0.6244586511166506,5.5393083631135545,0.8274464243902505,-0.29852304397538837,-0.3106684425518821,0.09037349525391551
0.6244586511166506,5.5393083631135545,0.8274464243902505,-0.29852304397538837,-0.3106684425518821,0.09037349525391551
0.6244586511166506,5.5393083631135545,0.8274464243902505,-0.29852304397538837,-0.3106684425518821,0.09037349525391551
0.6244586511166506,5.5393083631135545,0.8274464243902505,-0.29852304397538837,-0.3106684425518821,0.09037349525391551
3.331996189789602,-0.2736115397367011,0.24065201801746935,0.11443264874624287,0.11178738644653408,0.06625612406026485
4.6856201707488765,-1.6021321072960835,2.4341161519972303,5.834821833728649,-4.9010785019863485,0.5932804835202724
3.2844164364469215,-0.23130759010873514,0.2669839515321894,0.09093346824799799,0.13592803327283404,0.08056038885328215
0.9528227513487844,1.5990767728202258,0.03776468144595693,-0.003827360295648125,-0.06687040769840519,0.0026263633838766263
0.1273520421366899,-0.20502637750681146,-0.4286464123798096,0.07125205754880903,0.023709417639682137,-0.10588776558012464
-0.08447432841491326,-0.08365967820207193,-0.2977338402263354,0.1151100415370793,0.10902191821025636,-0.026117974258571423
-0.08447432841491326,-0.08365967820207193,-0.2977338402263354,0.1151100415370793,0.10902191821025636,-0.026117974258571423
4.50262408639016,-1.8826782673098232,5.635003880518763,-4.731232334968597,-0.0664312279132896,-0.015163461193804854
0.14647658378783,-0.09222810561414072,-0.38449529863806164,0.1652388255457837,0.09900104574047702,-0.03580077740050368
1.7608468117005016,1.9302524552227849,-0.03782381679306548,0.06243999501432394,0.014489249000307272,0.06003043980368487
4.775697002507656,-1.1029409375563894,0.4520882940883869,3.1560388580331926,6.96017827261412,-2.1194268459763435
2.776991550316881,-2.1950128310210766,6.086707138322596,-4.833334727894085,-0.09836960264774627,0.0068158368548908825
0.07119430017485666,-0.08234066423632963,-0.3616474529466529,0.1149142526094877,0.10255381374701314,-0.039595942358777274
4.8134912970883015,-1.3594488279038617,0.1595057102252404,3.099770826091296,7.1356511664076105,-1.8423711289242013
0.05358353421491535,-0.40368157108411146,-0.6611982124564219,0.004995435791489018,0.2368509499009763,0.20126091519078343
3.2844164364469215,-0.23130759010873514,0.2669839515321894,0.09093346824799799,0.13592803327283404,0.08056038885328215
4.308145223002737,-0.48008754438403545,-0.27219765281683955,-0.12523598267714348,-0.08051983299122219,-0.17205879395869167
4.6216371215891385,-1.586583360153877,2.467815002269045,5.84833242441147,-4.8875505103448456,0.6090691824460208
1.8396030225688045,1.8188893534810935,-0.08312076706541105,0.14644812719187988,-0.04440469983708898,0.03290634435038143
3.227219065767787,-1.9710003538117664,2.7618750132942114,5.742512241690991,-4.977153619651852,0.5716888497499967
0.6884417002763891,5.523759615971349,0.7937475741184362,-0.3120336346582097,-0.32419643419338556,0.07458479632816715
3.5343197740903682,-0.17527763135806534,0.1214722409343923,0.20430933917585475,0.1003844393950962,0.039388138477510305
0.26537489124224245,1.9798395363455341,0.20126253407426717,0.002103207807798264,-0.10849496232637981,0.021829069152705667
0.7503270508375813,1.452542978711658,0.05404309260121524,-0.12444373180308237,-0.15628181015572062,-0.07208208644682934
0.23544091738377929,-0.16140341391310326,-0.46622809158540707,0.0475570881229726,0.04138196000273881,-0.10506146888731321
0.10747481906430223,-0.13030591962869073,-0.3988303910417784,0.07457826948861529,0.06843794328574583,-0.0734840710358165
0.10747481906430223,-0.13030591962869073,-0.3988303910417784,0.07457826948861529,0.06843794328574583,-0.0734840710358165
0.2994239665435181,-0.17695216105530945,-0.49992694185722136,0.03404649744015127,0.027853968361235305,-0.12085016781306158
0.3996875345927022,-0.24046616358987682,-0.5708087302241612,-0.01980007636354257,-0.019789893741535506,-0.17052699541584918
0.2994239665435181,-0.17695216105530945,-0.49992694185722136,0.03404649744015127,0.027853968361235305,-0.12085016781306158
0.04349176990456378,-0.11475717248648448,-0.36513154076996407,0.0880888601714366,0.08196593492724935,-0.057695372110068144
0.2994239665435181,-0.17695216105530945,-0.49992694185722136,0.03404649744015127,0.027853968361235305,-0.12085016781306158
0.2994239665435181,-0.17695216105530945,-0.49992694185722136,0.03404649744015127,0.027853968361235305,-0.12085016781306158
-0.048193809525467556,-0.13162493359443303,-0.33491677832146094,0.07477405841620685,0.07490604774898908,-0.06000610293561066
-0.048193809525467556,-0.13162493359443303,-0.33491677832146094,0.07477405841620685,0.07490604774898908,-0.06000610293561066
0.2994239665435181,-0.17695216105530945,-0.49992694185722136,0.03404649744015127,0.027853968361235305,-0.12085016781306158
0.10747481906430223,-0.13030591962869073,-0.3988303910417784,0.07457826948861529,0.06843794328574583,-0.0734840710358165
0.4913731140227335,-0.2235984024819283,-0.6010234926726643,-0.006485274608312794,-0.012730006563275218,-0.16821626459030664
4.440051443368034,-1.850349575933119,-1.5277193322831473,1.0101043316014673,7.872414949697617,35.51578134574867
-0.11217685868520616,-0.11607618645222675,-0.30121792804964664,0.0882846490990282,0.08843403939049257,-0.04421740400986229
0.7218718391460408,1.6076452002322945,0.1245261398576831,-0.05395614430435254,-0.056849535228625826,0.012309166525808869
4.887259805010076,-1.1607936343265617,0.3920575103018526,3.166027447848616,6.922509634146317,-2.1495198096951094
0.14526911364494668,-0.3868138099761629,-0.6914129749049249,0.01831023754671877,0.2439108370792366,0.20357164601632594
3.3483994856066603,-0.24685633725094147,0.23328510126037505,0.07742287756517666,0.12240004163133048,0.06477168992753375
0.27172143627322515,-0.20936866930546433,-0.5034110296805325,0.007221105002100161,0.007266089541471536,-0.13894959756435243
3.5403486330858756,-0.29350257867756024,0.1321885504449321,0.03689110551671263,0.08181606670681993,0.017405593150288674
3.2844164364469215,-0.23130759010873514,0.2669839515321894,0.09093346824799799,0.13592803327283404,0.08056038885328215
5.160096614956526,-1.5672304253062503,-4.859974929652165,-2.565454168472425,-1.495833718642477,-0.04112462294386365
0.1729716439152396,-0.3543973017260081,-0.6879288870816137,0.04513562998476987,0.26449871589900037,0.2216710757676168
0.15656834809818157,-0.3811525042117677,-0.6805619703245194,0.08214540116583613,0.25388606071420394,0.2231555099003479
0.39254395347187915,3.85608585455814,0.4570862452588597,-0.13547982560107283,-0.21313104998269333,0.04962232835432904
0.5575808672685253,3.4065330326352954,0.47836105514487925,-0.1944738117978467,-0.19327793960451659,0.034654667383535766
0.5575808672685253,3.4065330326352954,0.47836105514487925,-0.1944738117978467,-0.19327793960451659,0.034654667383535766
0.5575808672685253,3.4065330326352954,0.47836105514487925,-0.1944738117978467,-0.19327793960451659,0.034654667383535766
0.6051606206112059,3.3642290830073294,0.45202912163015935,-0.17097463129960186,-0.21741858643081652,0.020350402590518492
0.39254395347187915,3.85608585455814,0.4570862452588597,-0.13547982560107283,-0.21313104998269333,0.04962232835432904
0.1729716439152396,-0.3543973017260081,-0.6879288870816137,0.04513562998476987,0.26449871589900037,0.2216710757676168
-0.10208509437485443,-0.40500058504985376,-0.5972845997361044,0.005191224719080579,0.24331905436421955,0.21473888329098928
4.746188062113561,-1.9891289890621462,2.0505622879536705,5.937623029575367,-5.259932464464358,0.47061316293989397
4.203368098980923,-2.1774763584591006,2.2490253424599023,5.502843610267605,-5.169460839089608,0.3333739317310403
3.604331682245614,-0.30905132581976646,0.09848970017311778,0.0233805148338913,0.06828807506531642,0.0016168942245403338
1.7608468117005016,1.9302524552227849,-0.03782381679306548,0.06243999501432394,0.014489249000307272,0.06003043980368487
5.213987899805913,-1.2938547738508297,-4.597607108237522,-2.4958713347752983,-1.6642467252577076,-0.3158696091704636
0.7801272797064205,5.540627377079297,0.7635328116699333,-0.29871883290297996,-0.3171365470151253,0.07689552715370968
0.7801272797064205,5.540627377079297,0.7635328116699333,-0.29871883290297996,-0.3171365470151253,0.07689552715370968
0.7801272797064205,5.540627377079297,0.7635328116699333,-0.29871883290297996,-0.3171365470151253,0.07689552715370968
0.7801272797064205,5.540627377079297,0.7635328116699333,-0.29871883290297996,-0.3171365470151253,0.07689552715370968
0.7801272797064205,5.540627377079297,0.7635328116699333,-0.29871883290297996,-0.3171365470151253,0.07689552715370968
0.7801272797064205,5.540627377079297,0.7635328116699333,-0.29871883290297996,-0.3171365470151253,0.07689552715370968
0.7801272797064205,5.540627377079297,0.7635328116699333,-0.29871883290297996,-0.3171365470151253,0.07689552715370968
0.7801272797064205,5.540627377079297,0.7635328116699333,-0.29871883290297996,-0.3171365470151253,0.07689552715370968
0.7801272797064205,5.540627377079297,0.7635328116699333,-0.29871883290297996,-0.3171365470151253,0.07689552715370968
0.7801272797064205,5.540627377079297,0.7635328116699333,-0.29871883290297996,-0.3171365470151253,0.07689552715370968
0.560475601956912,5.554857110255761,0.8611452746620649,-0.285012453292567,-0.29714045091037855,0.10616219417966387
0.560475601956912,5.554857110255761,0.8611452746620649,-0.285012453292567,-0.29714045091037855,0.10616219417966387
0.560475601956912,5.554857110255761,0.8611452746620649,-0.285012453292567,-0.29714045091037855,0.10616219417966387
0.560475601956912,5.554857110255761,0.8611452746620649,-0.285012453292567,-0.29714045091037855,0.10616219417966387
0.04349176990456378,-0.11475717248648448,-0.36513154076996407,0.0880888601714366,0.08196593492724935,-0.057695372110068144
1.8626241554408844,1.6581958177331064,-0.3641052509280263,-0.007338627610393917,0.17643415115229452,0.32129745793007897
1.8626241554408844,1.6581958177331064,-0.3641052509280263,-0.007338627610393917,0.17643415115229452,0.32129745793007897
1.8888129100199782,1.8991549609383724,-0.10522151733669412,0.03541881364868124,-0.012566734282699747,0.028453041952188153
-0.048193809525467556,-0.13162493359443303,-0.33491677832146094,0.07477405841620685,0.07490604774898908,-0.06000610293561066
1.8626241554408844,1.6581958177331064,-0.3641052509280263,-0.007338627610393917,0.17643415115229452,0.32129745793007897
4.657917640478584,-1.6345486155462383,2.430632064173919,5.807996441290597,-4.921666380806113,0.5751810537689815
0.10747481906430223,-0.13030591962869073,-0.3988303910417784,0.07457826948861529,0.06843794328574583,-0.0734840710358165
0.10747481906430223,-0.13030591962869073,-0.3988303910417784,0.07457826948861529,0.06843794328574583,-0.0734840710358165
1.6399157239912063,2.438976987881545,-0.06298145561286826,0.11124960246808274,0.025836672626690725,0.09161309639303794
1.8993151083833726,3.812160079199786,0.2288508989719325,-0.011307874775429804,-0.08017161502103883,0.10740756288933026
1.6399157239912063,2.438976987881545,-0.06298145561286826,0.11124960246808274,0.025836672626690725,0.09161309639303794
1.6399157239912063,2.438976987881545,-0.06298145561286826,0.11124960246808274,0.025836672626690725,0.09161309639303794
1.6399157239912063,2.438976987881545,-0.06298145561286826,0.11124960246808274,0.025836672626690725,0.09161309639303794
1.788549341970794,1.9626689634729397,-0.03433972896975429,0.08926538745237503,0.03507712782007106,0.07812986955497578
1.6399157239912063,2.438976987881545,-0.06298145561286826,0.11124960246808274,0.025836672626690725,0.09161309639303794
1.788549341970794,1.9626689634729397,-0.03433972896975429,0.08926538745237503,0.03507712782007106,0.07812986955497578
1.6399157239912063,2.438976987881545,-0.06298145561286826,0.11124960246808274,0.025836672626690725,0.09161309639303794
1.6399157239912063,2.438976987881545,-0.06298145561286826,0.11124960246808274,0.025836672626690725,0.09161309639303794
1.6399157239912063,2.438976987881545,-0.06298145561286826,0.11124960246808274,0.025836672626690725,0.09161309639303794
1.6399157239912063,2.438976987881545,-0.06298145561286826,0.11124960246808274,0.025836672626690725,0.09161309639303794
1.788549341970794,1.9626689634729397,-0.03433972896975429,0.08926538745237503,0.03507712782007106,0.07812986955497578
1.6399157239912063,2.438976987881545,-0.06298145561286826,0.11124960246808274,0.025836672626690725,0.09161309639303794
4.790470164216221,-1.1987552921558746,0.4404901940878556,3.25355758089357,6.914812315418227,-2.130762242503899
3.570600292979814,-0.22324288675042647,0.08428930283926675,0.16397335605498226,0.06626856893382888,0.005500009800471081
1.8802349214008256,1.9795367245808884,-0.0645544914182574,0.10258018920760478,0.042137014998331335,0.08044060038051828
1.8802349214008256,1.9795367245808884,-0.0645544914182574,0.10258018920760478,0.042137014998331335,0.08044060038051828
4.951242854169815,-1.176342381468768,0.3583586600300383,3.152516857165795,6.908981642504813,-2.165308508620858
0.8974176908081986,1.5342437563199163,0.030796505799334538,-0.05747814517175036,-0.10804616533793276,-0.033572496118705115
0.49439485419862716,1.514737967280483,0.18883849368847247,-0.07040136907179699,-0.1021698435897066,-0.008927290743835933
5.058319271216143,-1.2951737878165719,-4.5336934955172055,-2.4956755458477065,-1.6577786207944643,-0.3023916410702577
2.034367774762105,-0.6200668755652775,0.486279345256633,-0.07891766701918916,0.029881595867616517,0.010118224173030207
0.7495743694163338,1.6400617084824494,0.1280102276809943,-0.02713075186630142,-0.03626165640886204,0.030408596277099735
0.07119430017485666,-0.08234066423632963,-0.3616474529466529,0.1149142526094877,0.10255381374701314,-0.039595942358777274
2.813272069206327,-2.2429780864134377,6.04952420022747,-4.873670711014958,-0.13248547310901354,-0.027072291822148358
1.9266072046006228,1.6426470705909002,-0.39780410119984067,-0.020849218293215264,0.16290615951079102,0.3055087590043306
1.2557022102097393,0.6682533257599997,-0.09152933091553554,1.3620229060890559,-0.21623409068517255,0.37622152084112925
1.9266072046006228,1.6426470705909002,-0.39780410119984067,-0.020849218293215264,0.16290615951079102,0.3055087590043306
1.9543097348709155,1.675063578841055,-0.39432001337652944,0.005976174144835878,0.1834940383305548,0.3236081887556215
1.9266072046006228,1.6426470705909002,-0.39780410119984067,-0.020849218293215264,0.16290615951079102,0.3055087590043306
1.9266072046006228,1.6426470705909002,-0.39780410119984067,-0.020849218293215264,0.16290615951079102,0.3055087590043306
1.9543097348709155,1.675063578841055,-0.39432001337652944,0.005976174144835878,0.1834940383305548,0.3236081887556215
3.3483994856066603,-0.24685633725094147,0.23328510126037505,0.07742287756517666,0.12240004163133048,0.06477168992753375
4.823276755850337,-1.1452448871843555,0.4257563605736669,3.1795380385314376,6.93603762578782,-2.1337311107693613
0.5852833975388182,3.4389495408854502,0.4818451429681905,-0.1676484193597956,-0.1726900607847528,0.05275409713482663
5.122302320375881,-1.310722534958778,-4.5673923457890195,-2.509186136530528,-1.671306612435968,-0.3181803399960061
-0.06970116670634861,-0.1794740328015571,-0.3093319402268667,0.2126287643974566,0.06365596101436363,-0.03745337078612652
0.4468151008559466,1.5570419169084488,0.21517042720319243,-0.09390054957004189,-0.07802919676340665,0.005376974049181342
0.39292381600655973,1.2836662654530282,-0.04719739421145095,-0.1634833832671682,0.0903838098518238,0.2801219602757813
3.5403486330858756,-0.29350257867756024,0.1321885504449321,0.03689110551671263,0.08181606670681993,0.017405593150288674
2.448257056640567,1.7324610341727564,-0.40114425302592843,-0.04916673131564463,-0.14493131424102776,-0.11216081424681604
0.4042230504597946,1.2893275712174235,-0.036346389631045424,-0.09964821964805082,0.10035903348679116,0.29970582415980324
3.0969067961155736,-2.2727565667321077,5.918212886963524,-4.900887681308192,-0.16600956085526378,-0.07212765777385091
3.5447881402337433,-2.3815977967275517,5.682320935060824,-4.995461816087942,-0.26070550234578843,-0.1826485502540895
2.102563490315823,3.7711751435375622,0.13860535273689514,0.011995516795223485,-0.110780366310582,0.07962532999610711
0.7245487303115301,3.413513352365433,0.4252984470049675,-0.13083443710632098,-0.18977082043279242,0.04076056316735189
3.4789147135497824,-0.24011064785837505,0.11450406528776991,0.15065855429975247,0.05920868175556859,0.003189278974928574
5.847005542406153,-1.3940248414596557,-0.11342524377536213,2.963368587606296,6.719589759523764,-2.386350293581335
4.588830529955023,-1.6400937651253964,2.4825488357832337,5.922351966773602,-4.908775820714438,0.612038050711483
4.34695545780039,-1.8839972812755656,5.6989174932390805,-4.731036546041005,-0.059963123450046375,-0.0016854930935990046
5.213987899805913,-1.2938547738508297,-4.597607108237522,-2.4958713347752983,-1.6642467252577076,-0.3158696091704636
1.581885802243289,1.6322057645113068,-0.2939491965064627,0.1822737824112622,-0.27964009172689175,-0.000966519206431355
2.84097459947662,-2.210561578163283,6.053008288050782,-4.846845318576907,-0.11189759428924978,-0.008972862070857483
4.813586269068354,-1.6332296015804961,2.3667184514536017,5.807800652363006,-4.928134485269356,0.5617030856687757
0.162879879604888,-0.06547290312838107,-0.391862215395156,0.1282290543647175,0.10961370092527342,-0.037285211533234754
4.474921556119867,-1.915094775559978,5.631519792695452,-4.758057727406648,-0.08701910673305338,-0.03326289094509572
2.968940697796097,-2.2416590724476952,5.985610587507153,-4.87386649994255,-0.1389535775722568,-0.0405502599223542
2.8721510570022426,-2.279620730277008,6.0340432712931555,-4.786336366897596,-0.14665089630034608,-0.021792692731143665
0.6527847286224792,1.6021000506531364,0.17644291146699728,0.060399381178652345,-0.04395897513695134,0.04916616346831027
0.6527847286224792,1.6021000506531364,0.17644291146699728,0.060399381178652345,-0.04395897513695134,0.04916616346831027
0.6527847286224792,1.6021000506531364,0.17644291146699728,0.060399381178652345,-0.04395897513695134,0.04916616346831027
0.6527847286224792,1.6021000506531364,0.17644291146699728,0.060399381178652345,-0.04395897513695134,0.04916616346831027
2.8510663637869715,-2.49948597676091,5.756941616364323,-4.929938742956854,0.04298742068447714,0.24998342522999406
1.8525323911305325,1.947120216330734,-0.06803857924156857,0.07575479676955371,0.021549136178567553,0.06234117062922737
1.7608468117005016,1.9302524552227849,-0.03782381679306548,0.06243999501432394,0.014489249000307272,0.06003043980368487
-0.16606814353459307,-0.3894518379076475,-0.5635857494642901,0.01870181540190192,0.256847046005723,0.23052758221673764
5.068411035526494,-1.5840981864141988,-4.829760167203663,-2.5787689702276544,-1.5028936058207374,-0.04343535376940616
4.135807097135415,-0.6013805630899832,0.43825556892532636,0.06932011250928231,0.2934914220062082,0.25483398197516516
-0.130167487179828,2.1350024958051033,-0.0964850480891051,0.006369389947124794,-0.0807836842900614,-0.03386017838175382
-0.130167487179828,2.1350024958051033,-0.0964850480891051,0.006369389947124794,-0.0807836842900614,-0.03386017838175382
4.749603219908615,-1.6176808544382897,2.400417301725416,5.821311243045827,-4.914606493627852,0.5774917845945241
4.710083819239425,-1.209961747499428,0.4815559611167643,3.304077942757458,6.917727651874934,-2.1134891094454193
5.34195399812539,-1.3249522681352421,-4.665004808781151,-2.522892516140941,-1.6913027085407146,-0.34744700702196024
2.0280782427926902,1.873718772418355,-0.16176821329991722,0.0722327959021559,-0.02964749393073939,0.016459507984713413
2.0280782427926902,1.873718772418355,-0.16176821329991722,0.0722327959021559,-0.02964749393073939,0.016459507984713413
2.3151868969572664,1.7424646317358043,-0.31552863114479995,0.07869938485018156,-0.11851276250784974,-0.05951511837856618
2.651505438573016,1.6914760985105328,-0.49138979926096577,-0.02586333974499134,-0.17554006553057086,-0.13994304714003913
2.0280782427926902,1.873718772418355,-0.16176821329991722,0.0722327959021559,-0.02964749393073939,0.016459507984713413
2.651505438573016,1.6914760985105328,-0.49138979926096577,-0.02586333974499134,-0.17554006553057086,-0.13994304714003913
2.651505438573016,1.6914760985105328,-0.49138979926096577,-0.02586333974499134,-0.17554006553057086,-0.13994304714003913
5.096113565796787,-1.5516816781640441,-4.826276079380351,-2.5519435777896033,-1.4823057270009734,-0.025335924018115245
5.122302320375881,-1.310722534958778,-4.5673923457890195,-2.509186136530528,-1.671306612435968,-0.3181803399960061
-0.167581919225792,-0.18090920295253643,-0.30818610369626903,0.034633864222925956,0.047258281750964984,-0.08041626351244403
3.2844164364469215,-0.23130759010873514,0.2669839515321894,0.09093346824799799,0.13592803327283404,0.08056038885328215
6.210014156091436,-1.5750512363762847,-5.140272800409862,-2.738866178138491,-1.9012824703415272,-0.5865882217337285
4.931365631097426,-1.1016219235906473,0.38817468136806954,3.155843069105601,6.953710168150876,-2.1329048140765496
3.199516535497494,-2.0034168620619215,2.7583909254709003,5.715686849252941,-4.9977414984716155,0.5535894199987058
-0.005718117546610111,-0.19502277994376338,-0.343030790498681,0.19911817371463525,0.05012796937286011,-0.05324206971187488
5.18628536953562,-1.3262712821009843,-4.601091196060834,-2.5226967272133494,-1.6848346040774713,-0.3339690389217544
3.4123825347663987,-0.26240508439314775,0.19958625098856075,0.06391228688235534,0.10887204998982697,0.048982991001785416
1.9833932241383962,4.064346799666787,0.24734793973198846,-0.041805026090809334,-0.10936935841030142,0.10227129957385876
2.0941589905509748,5.913837915393633,0.5105385676736752,-0.14237828831861418,-0.22461810125141132,0.13154899290821323
0.7772768996866266,1.6724782167326042,0.13149431550430554,-0.0003053594282503143,-0.015673777589098246,0.04850802602839061
-0.02049127925517466,-0.0992084253442782,-0.3314326904981497,0.10159945085425795,0.09549392656875286,-0.04190667318431978
-0.02049127925517466,-0.0992084253442782,-0.3314326904981497,0.10159945085425795,0.09549392656875286,-0.04190667318431978
0.7772768996866266,1.6724782167326042,0.13149431550430554,-0.0003053594282503143,-0.015673777589098246,0.04850802602839061
0.8603401358289127,3.4895528242092957,0.3912008556226812,-0.12770401409410628,-0.15151039924997195,0.059686289611454175
0.8603401358289127,3.4895528242092957,0.3912008556226812,-0.12770401409410628,-0.15151039924997195,0.059686289611454175
0.8603401358289127,3.4895528242092957,0.3912008556226812,-0.12770401409410628,-0.15151039924997195,0.059686289611454175
0.8603401358289127,3.4895528242092957,0.3912008556226812,-0.12770401409410628,-0.15151039924997195,0.059686289611454175
0.796357086669174,3.505101571351502,0.4248997058944955,-0.11419342341128493,-0.13798240760846844,0.07547498853720258
2.8608518225490074,-2.2852820360414032,6.02319226671275,-4.850171530516713,-0.15662611993531347,-0.04137655661516563
4.282972408640651,-1.8684485341333594,5.7326163435108946,-4.717525955358184,-0.04643513180854286,0.014103205832149366
2.865839525495536,-2.595300331360395,5.745343516363793,-4.832420020096477,-0.002378536511415559,0.238648028702439
5.469920096444866,-1.3560497624196546,-4.73240250932478,-2.5499136975065837,-1.7183586918237215,-0.37902440487345695
6.715567017862639,-2.015120814597322,-5.69856335751374,-2.893034556799943,-1.8652340436846253,-0.4524570917061326
5.217266815119121,-1.5274617686352199,-0.07250341274367665,3.015381070054562,7.0097546909125255,-1.9695070170229998
0.015789239634270924,-0.14717368073663928,-0.3686156285932753,0.06126346773338551,0.06137805610748555,-0.075794801861359
0.11877405351753721,-0.12464461386429551,-0.38797938646137287,0.13841343310773255,0.07841316692071323,-0.05390020715179454
1.944217970560564,1.9639879774386821,-0.09825334169007173,0.08906959852478347,0.02860902335682785,0.06465190145476991
2.072184068880041,1.9328904831542697,-0.16565104223370034,0.06204841715914079,0.001553040073820814,0.03307450360327319
2.1197638222227213,1.8905865335263037,-0.19198297574842024,0.08554759765738565,-0.022587606752479106,0.018770238810255906
0.4581143353091815,1.5627032226728441,0.22602143178359796,-0.03006538595092454,-0.06805397312843929,0.024960837933203285
1.944217970560564,1.9639879774386821,-0.09825334169007173,0.08906959852478347,0.02860902335682785,0.06465190145476991
-0.24340322522167002,-0.33011780633830384,-0.24228259399289198,0.3843628185475578,0.0035327979121213176,-0.03234193094801359
-0.11790446728456487,3.8324547375369806,0.3714875940344176,-0.14296744881677792,-0.15832498075450335,0.036157655543786874
-0.11790446728456487,3.8324547375369806,0.3714875940344176,-0.14296744881677792,-0.15832498075450335,0.036157655543786874
-0.11790446728456487,3.8324547375369806,0.3714875940344176,-0.14296744881677792,-0.15832498075450335,0.036157655543786874
0.7203288611370697,2.1656540022491577,0.07263782641268844,0.03499365734268718,-0.017854345604218298,0.06430198369199532
-0.2665380852641532,4.308762761945586,0.3428458673913037,-0.1209832338010702,-0.1675654359478837,0.04964088238184906
-0.2665380852641532,4.308762761945586,0.3428458673913037,-0.1209832338010702,-0.1675654359478837,0.04964088238184906
-0.11790446728456487,3.8324547375369806,0.3714875940344176,-0.14296744881677792,-0.15832498075450335,0.036157655543786874
-0.11790446728456487,3.8324547375369806,0.3714875940344176,-0.14296744881677792,-0.15832498075450335,0.036157655543786874
-0.2665380852641532,4.308762761945586,0.3428458673913037,-0.1209832338010702,-0.1675654359478837,0.04964088238184906
-0.2665380852641532,4.308762761945586,0.3428458673913037,-0.1209832338010702,-0.1675654359478837,0.04964088238184906
-0.11790446728456487,3.8324547375369806,0.3714875940344176,-0.14296744881677792,-0.15832498075450335,0.036157655543786874
4.895761557575988,-1.5664652760422904,-4.7971857919876975,-2.4128515296318347,-1.941295306336867,-0.364873034213105
0.9329455282763968,1.6737972306983466,0.06758070278398808,-0.0005011483558418757,-0.02214188205234147,0.03503005792818476
2.9049576486363584,-2.226110325305489,6.019309437778967,-4.860355909259728,-0.12542558593075329,-0.024761560996605845
0.8888397021890457,1.6146255199624322,0.07146353171777121,0.009683230387173215,-0.053342416056901674,0.018415062309624967
5.181181308171797,-1.3473651788223489,-4.582873274723334,-2.421851792413166,-1.6854720356273003,-0.31290074090500136
3.1620285464651654,-2.2500373110315826,2.488656187299162,5.609094244374748,-4.818715836671589,0.8268499720925746
5.25475480415145,-1.2808413196655588,0.19723132542806107,3.1219736749327542,6.830729029112499,-2.2427675691168685
0.30093774223471675,-0.3854947960104206,-0.7553265876252423,0.01811444861912721,0.23744273261599336,0.19009367791612009
4.250165817006535,-1.9219589391048786,5.747350177025083,-4.643506412996051,-0.06766044217813569,0.01707207409761153
2.776991550316881,-2.1950128310210766,6.086707138322596,-4.833334727894085,-0.09836960264774627,0.0068158368548908825
5.122302320375881,-1.310722534958778,-4.5673923457890195,-2.509186136530528,-1.671306612435968,-0.3181803399960061
5.3254506623462605,-1.7576195787181461,2.097127649279088,5.699715926900435,-5.036358418401384,0.435393494262789
0.22686292876462646,-0.08102165027058733,-0.42556106566697033,0.11471846368189614,0.09608570928376992,-0.05307391045898312
4.887259805010076,-1.1607936343265617,0.3920575103018526,3.166027447848616,6.922509634146317,-2.1495198096951094
0.5662032105562709,1.6063261862665523,0.18843975257800052,-0.05376035537676095,-0.0503814307653826,0.02578713462601471
2.0024734111209437,5.896970154285684,0.5407533301221783,-0.15569309007384394,-0.2316779884296716,0.12923826208267072
4.903663100827133,-1.134038431840802,0.3846905935447583,3.12901767666755,6.933122289331113,-2.1510042438278405
0.09889683044514952,-0.049924155986174806,-0.3581633651233417,0.1417396450475388,0.12314169256677696,-0.0214965126074864
0.09889683044514952,-0.049924155986174806,-0.3581633651233417,0.1417396450475388,0.12314169256677696,-0.0214965126074864
5.407625950853896,-1.6908552531799406,-5.066776594162212,-2.5209362550944054,-2.049519239468895,-0.4911826256190919
6.6216149813201595,-1.6359272109793677,-5.338981814217437,-2.7931043297973677,-1.961862541370785,-0.6632209855369278
3.243622361584845,-1.9442451513260068,2.754508096537117,5.705502470509925,-4.966540964467056,0.5702044156172655
0.560475601956912,5.554857110255761,0.8611452746620649,-0.285012453292567,-0.29714045091037855,0.10616219417966387
2.6367004163537,-2.9341876432991136,3.027084016549608,7.074864004209375,-5.359209206304523,0.6251284785283159
4.632936356042373,-1.580922054389482,2.4786660068494504,5.912167588030587,-4.877575286709878,0.6286530463300427
5.261567653148593,-1.3361587234787955,-4.623939041752243,-2.4723721542770534,-1.6883873720840075,-0.3301738739634808
3.4123825347663987,-0.26240508439314775,0.19958625098856075,0.06391228688235534,0.10887204998982697,0.048982991001785416
5.058319271216143,-1.2951737878165719,-4.5336934955172055,-2.4956755458477065,-1.6577786207944643,-0.3023916410702577
2.776991550316881,-2.1950128310210766,6.086707138322596,-4.833334727894085,-0.09836960264774627,0.0068158368548908825
2.9412381675258037,-2.27407558069785,5.982126499683842,-4.900691892380601,-0.15954145639202055,-0.058649689673645075
5.38953375146807,-1.367256217763208,-4.691336742295871,-2.499393335642696,-1.7154433553670145,-0.3617512718149775
6.284088969561526,-1.879524382116118,-5.470038322368135,-2.83547019320126,-1.759925447009304,-0.34342063335862516
3.7487739458276783,-1.607405616553276,0.5513221202397619,3.006164902396853,6.778794558273296,-2.250054938094127
4.839680051667395,-1.1184896846985957,0.41838944381657256,3.1425282673503716,6.946650280972616,-2.135215544902092
5.008914371822847,-1.5075707296943608,0.0359600548288606,3.092922613284092,7.03972601065224,-1.9206564861130235
6.01806500861222,-1.5284049949496659,-5.039176249594419,-2.698334406090027,-1.860698495417017,-0.5392221249564833
5.954081959452481,-1.5128562478074596,-5.005477399322605,-2.6848238154072055,-1.8471705037755135,-0.5234334260307348
3.3483994856066603,-0.24685633725094147,0.23328510126037505,0.07742287756517666,0.12240004163133048,0.06477168992753375
1.726255196379824,1.627863472712654,-0.36871381380718565,0.11824282986455334,-0.29608341982510233,-0.03402835119065912
